pdb_identifier,amino_acid_residues,simplex_indices,simplex_type,L1,L2,L3,L4,L5,L6,SumL,AvgL,Tvol,T1_area,T2_area,T3_area,T4_area,Tsurface_area,O1,O2,O3,O4,num_voronoi
1AL1_A_della_calpha,LEU-LEU-LYS-GLY,2-6-10-11,2,5.594,13.772,15.281,8.554,9.939,3.793,56.934,9.489,10.725,10.9,10.228,25.059,15.977,62.165,0.028,1.807,0.188,0.074,12
1AL1_A_della_calpha,GLU-GLU-LYS-GLY,8-7-10-11,2,3.77,6.748,9.354,8.298,9.577,3.793,41.54,6.923,5.16,12.514,17.455,10.78,15.592,56.34,0.137,0.074,0.238,0.056,12
1AL1_A_della_calpha,LYS-GLU-LEU-GLY,3-7-6-11,2,6.304,4.973,14.514,3.84,9.577,9.939,49.147,8.191,12.041,9.547,22.788,11.673,18.287,62.296,0.088,0.57,1.528,0.027,12
1AL1_A_della_calpha,LYS-LEU-LEU-GLY,3-2-6-11,2,3.808,4.973,14.514,5.594,15.281,9.939,54.108,9.018,7.263,9.257,27.552,11.673,10.228,58.711,0.152,0.096,3.923,0.01,12
1AL1_A_della_calpha,LYS-LEU-LEU-GLU,3-2-1-0,4,3.808,5.135,4.607,3.808,5.179,3.809,26.345,4.391,7.218,7.219,8.484,8.456,7.231,31.389,0.362,0.496,0.505,0.356,12
1AL1_A_della_calpha,LEU-LEU-LYS-GLY,9-6-10-11,2,5.34,3.773,6.676,8.554,9.939,3.793,38.075,6.346,1.122,6.606,16.628,5.94,15.977,45.152,0.13,0.008,0.093,0.016,12
1AL1_A_della_calpha,LEU-GLU-LYS-GLY,9-7-10-11,2,5.554,3.773,6.676,8.298,9.577,3.793,37.671,6.278,6.272,8.628,18.085,5.94,15.592,48.246,0.482,0.048,0.541,0.096,12
1AL1_A_della_calpha,LEU-GLU-LEU-GLY,9-7-6-11,2,5.554,5.34,6.676,3.84,9.577,9.939,40.927,6.821,20.214,9.772,18.085,16.628,18.287,62.773,0.963,0.519,0.492,0.106,12
1AL1_A_della_calpha,LEU-GLU-GLU-LYS,9-8-7-10,3,3.81,5.554,3.773,3.77,6.748,8.298,31.952,5.325,7.079,7.161,5.834,8.628,12.514,34.137,1.476,0.523,0.15,0.111,12
1AL1_A_della_calpha,LEU-GLU-GLU-LEU,9-8-7-6,4,3.81,5.554,5.34,3.77,5.57,3.84,27.884,4.647,6.846,7.161,9.719,9.772,7.22,33.872,0.26,0.49,0.487,0.256,12
1AL1_A_della_calpha,LEU-LEU-LEU-LYS,9-2-6-10,0,10.335,5.34,3.773,5.594,13.772,8.554,47.369,7.895,4.862,9.228,9.253,6.606,10.9,35.988,0.856,0.019,0.773,0.034,12
1AL1_A_della_calpha,LYS-LYS-LEU-GLU,4-3-1-0,2,3.777,5.074,6.192,5.135,4.607,3.809,28.594,4.766,8.331,8.954,8.67,9.652,8.456,35.731,0.297,0.545,0.435,0.346,12
1AL1_A_della_calpha,LYS-LYS-GLU-GLU,4-3-7-0,2,3.777,5.28,6.192,6.304,4.607,10.559,36.718,6.12,2.123,9.952,8.67,11.792,7.157,37.57,0.198,0.385,0.02,0.023,12
1AL1_A_della_calpha,LYS-LYS-GLU-LEU,4-3-7-6,2,3.777,5.28,5.355,6.304,4.973,3.84,29.528,4.921,9.537,9.952,9.029,9.518,9.547,38.047,0.468,0.365,0.322,0.519,12
1AL1_A_della_calpha,LYS-LYS-LEU-LEU,4-3-2-1,4,3.777,5.671,5.074,3.808,5.135,3.808,27.272,4.545,6.993,7.139,8.954,9.447,7.219,32.76,0.269,0.57,0.432,0.321,12
1AL1_A_della_calpha,LEU-GLU-GLU-LEU,5-8-7-6,3,5.384,5.489,3.792,3.77,5.57,3.84,27.845,4.641,7.2,9.608,9.73,7.276,7.22,33.835,0.276,0.27,0.525,0.499,12
1AL1_A_della_calpha,LEU-LYS-GLU-LEU,5-4-7-6,2,3.817,5.489,3.792,5.28,5.355,3.84,27.573,4.595,7.639,9.594,7.236,7.276,9.518,33.625,0.53,0.306,0.29,0.56,12
1AL1_A_della_calpha,LEU-LYS-GLU-GLU,5-4-8-7,2,3.817,5.384,5.489,6.64,5.28,3.77,30.38,5.063,9.463,10.273,9.594,9.608,9.94,39.416,0.46,0.31,0.304,0.492,12
1AL1_A_della_calpha,LEU-LYS-GLU-LEU,5-4-8-1,2,3.817,5.384,5.825,6.64,5.074,10.809,37.548,6.258,2.08,10.273,9.551,8.013,12.079,39.915,0.324,0.184,0.017,0.022,12
1AL1_A_della_calpha,LEU-LEU-GLU-LEU,5-9-8-6,2,6.381,5.384,3.792,3.81,5.34,5.57,30.276,5.046,10.381,10.231,10.111,9.73,9.719,39.792,0.356,0.36,0.48,0.492,12
1AL1_A_della_calpha,LEU-LYS-LEU-LEU,5-4-2-1,2,3.817,5.148,5.825,5.671,5.074,3.808,29.342,4.89,10.057,9.568,9.551,9.64,9.447,38.206,0.415,0.453,0.441,0.428,12
1AL1_A_della_calpha,LEU-LEU-LEU-LEU,5-9-2-6,0,6.381,5.148,3.792,10.335,5.34,5.594,36.591,6.098,6.965,13.106,10.111,9.462,9.228,41.908,0.549,0.065,0.079,0.947,12
1AL1_A_della_calpha,LEU-LYS-LEU-LEU,5-3-2-6,2,5.512,5.148,3.792,3.808,4.973,5.594,28.827,4.805,10.271,9.435,9.173,9.462,9.257,37.327,0.455,0.484,0.439,0.472,12
1AL1_A_della_calpha,LEU-LYS-LYS-LEU,5-4-3-6,3,3.817,5.512,3.792,3.777,5.355,4.973,27.225,4.538,6.578,7.196,7.236,9.173,9.029,32.635,0.439,0.477,0.276,0.291,12
1AL1_A_della_calpha,LEU-LYS-LYS-LEU,5-4-3-2,4,3.817,5.512,5.148,3.777,5.671,3.808,27.732,4.622,5.869,7.196,9.568,9.435,7.139,33.338,0.239,0.394,0.428,0.227,12
