pdb_identifier,amino_acid_residues,simplex_indices,simplex_type,side_a,side_b,side_c,triangle_area,tf_1,tf_2,tf_3,sum_tf,avg_tf,cx_hull_area,cx_hull_volume
1AOJ_A_cx_hull_calpha,ALA-ILE-SER,40-51-41,0,17.041,19.025,3.799,29.047,37.48,17.23,41.86,96.57,32.19,2453.61746845179,8250.8892502805
1AOJ_A_cx_hull_calpha,ASP-ILE-SER,29-51-41,0,14.58,19.025,26.459,135.099,34.86,17.23,41.86,93.95,31.32,2453.61746845179,8250.8892502805
1AOJ_A_cx_hull_calpha,GLU-ALA-SER,59-40-41,2,21.737,3.799,25.286,15.873,71.67,37.48,41.86,151.01,50.34,2453.61746845179,8250.8892502805
1AOJ_A_cx_hull_calpha,GLU-LYS-PRO,59-6-58,0,39.38,39.093,3.819,74.615,71.67,7.95,58.59,138.21,46.07,2453.61746845179,8250.8892502805
1AOJ_A_cx_hull_calpha,SER-ASP-SER,14-29-41,0,18.736,26.459,18.191,170.353,7.01,34.86,41.86,83.73,27.91,2453.61746845179,8250.8892502805
1AOJ_A_cx_hull_calpha,SER-ASP-LYS,14-29-0,0,18.736,10.34,24.542,89.892,7.01,34.86,19.33,61.2,20.4,2453.61746845179,8250.8892502805
1AOJ_A_cx_hull_calpha,LYS-LYS-PRO,1-6-58,0,16.039,39.093,41.428,313.038,17.65,7.95,58.59,84.19,28.06,2453.61746845179,8250.8892502805
1AOJ_A_cx_hull_calpha,ASP-ALA-ILE,53-40-51,0,16.512,17.041,7.247,59.193,26.6,37.48,17.23,81.31,27.1,2453.61746845179,8250.8892502805
1AOJ_A_cx_hull_calpha,ASP-ASN-PRO,53-50-58,0,8.575,24.172,16.197,31.077,26.6,19.84,58.59,105.03,35.01,2453.61746845179,8250.8892502805
1AOJ_A_cx_hull_calpha,ASP-ASN-ILE,53-50-51,2,8.575,3.813,7.247,13.72,26.6,19.84,17.23,63.67,21.22,2453.61746845179,8250.8892502805
1AOJ_A_cx_hull_calpha,ASP-ASN-ILE,30-50-51,2,12.85,3.813,15.59,18.687,33.61,19.84,17.23,70.68,23.56,2453.61746845179,8250.8892502805
1AOJ_A_cx_hull_calpha,ASP-ASP-LYS,30-29-0,2,3.799,10.34,8.85,16.433,33.61,34.86,19.33,87.8,29.27,2453.61746845179,8250.8892502805
1AOJ_A_cx_hull_calpha,ASP-ASP-ILE,30-29-51,2,3.799,14.58,15.59,27.404,33.61,34.86,17.23,85.7,28.57,2453.61746845179,8250.8892502805
1AOJ_A_cx_hull_calpha,ASP-LYS-LYS,30-1-0,2,7.806,3.781,8.85,14.737,33.61,17.65,19.33,70.59,23.53,2453.61746845179,8250.8892502805
1AOJ_A_cx_hull_calpha,ASP-ASN-PRO,30-50-58,0,12.85,24.172,36.057,71.85,33.61,19.84,58.59,112.04,37.35,2453.61746845179,8250.8892502805
1AOJ_A_cx_hull_calpha,ASP-LYS-PRO,30-1-58,0,7.806,41.428,36.057,109.171,33.61,17.65,58.59,109.85,36.62,2453.61746845179,8250.8892502805
1AOJ_A_cx_hull_calpha,GLY-GLU-SER,42-59-41,0,24.686,25.286,3.779,46.484,37.85,71.67,41.86,151.38,50.46,2453.61746845179,8250.8892502805
1AOJ_A_cx_hull_calpha,GLY-GLU-ARG,42-59-12,0,24.686,32.923,16.234,193.309,37.85,71.67,16.96,126.48,42.16,2453.61746845179,8250.8892502805
1AOJ_A_cx_hull_calpha,GLY-SER-SER,42-14-41,0,15.891,18.191,3.779,25.396,37.85,7.01,41.86,86.72,28.91,2453.61746845179,8250.8892502805
1AOJ_A_cx_hull_calpha,VAL-ASP-LYS,24-22-0,0,6.328,18.227,12.374,18,13.19,20.17,19.33,52.69,17.56,2453.61746845179,8250.8892502805
1AOJ_A_cx_hull_calpha,VAL-SER-LYS,24-14-0,0,19.788,24.542,12.374,121.575,13.19,7.01,19.33,39.53,13.18,2453.61746845179,8250.8892502805
1AOJ_A_cx_hull_calpha,LYS-ASP-LYS,4-22-6,0,5.713,5.807,6.235,15.098,16.25,20.17,7.95,44.37,14.79,2453.61746845179,8250.8892502805
1AOJ_A_cx_hull_calpha,THR-ASP-PRO,57-53-58,0,13.584,16.197,3.789,20.266,52.13,26.6,58.59,137.32,45.77,2453.61746845179,8250.8892502805
1AOJ_A_cx_hull_calpha,THR-ASP-ALA,57-53-40,0,13.584,16.512,18.365,108.07,52.13,26.6,37.48,116.21,38.74,2453.61746845179,8250.8892502805
1AOJ_A_cx_hull_calpha,THR-GLU-PRO,57-59-58,2,5.273,3.819,3.789,7.229,52.13,71.67,58.59,182.39,60.8,2453.61746845179,8250.8892502805
1AOJ_A_cx_hull_calpha,THR-GLU-ALA,57-59-40,0,5.273,21.737,18.365,40.281,52.13,71.67,37.48,161.28,53.76,2453.61746845179,8250.8892502805
1AOJ_A_cx_hull_calpha,ASN-SER-ARG,13-14-12,2,3.776,6.922,3.755,5.137,11.29,7.01,16.96,35.26,11.75,2453.61746845179,8250.8892502805
1AOJ_A_cx_hull_calpha,ASN-GLY-ARG,13-42-12,0,14.208,16.234,3.755,23.882,11.29,37.85,16.96,66.1,22.03,2453.61746845179,8250.8892502805
1AOJ_A_cx_hull_calpha,ASN-GLY-SER,13-42-14,0,14.208,15.891,3.776,25.238,11.29,37.85,7.01,56.15,18.72,2453.61746845179,8250.8892502805
1AOJ_A_cx_hull_calpha,TYR-GLU-LYS,7-59-6,0,38.456,39.38,3.755,70.747,7.02,71.67,7.95,86.64,28.88,2453.61746845179,8250.8892502805
1AOJ_A_cx_hull_calpha,TYR-ASP-GLU,7-8-59,2,3.734,38.763,38.456,71.759,7.02,3.73,71.67,82.42,27.47,2453.61746845179,8250.8892502805
1AOJ_A_cx_hull_calpha,VAL-GLU-ARG,10-59-12,0,36.314,32.923,6.414,93.827,8.04,71.67,16.96,96.67,32.22,2453.61746845179,8250.8892502805
1AOJ_A_cx_hull_calpha,VAL-ASP-GLU,10-8-59,0,6.685,38.763,36.314,116.276,8.04,3.73,71.67,83.44,27.81,2453.61746845179,8250.8892502805
1AOJ_A_cx_hull_calpha,VAL-ASP-MET,10-8-20,0,6.685,4.236,8.213,14.108,8.04,3.73,14.42,26.19,8.73,2453.61746845179,8250.8892502805
1AOJ_A_cx_hull_calpha,VAL-SER-MET,10-14-20,0,11.102,16.483,8.213,40.844,8.04,7.01,14.42,29.47,9.82,2453.61746845179,8250.8892502805
1AOJ_A_cx_hull_calpha,VAL-SER-ARG,10-14-12,0,11.102,6.922,6.414,20.487,8.04,7.01,16.96,32.01,10.67,2453.61746845179,8250.8892502805
1AOJ_A_cx_hull_calpha,ASP-SER-MET,23-14-20,0,18.865,16.483,5.126,39.688,12.77,7.01,14.42,34.2,11.4,2453.61746845179,8250.8892502805
1AOJ_A_cx_hull_calpha,ASP-VAL-SER,23-24-14,2,3.756,19.788,18.865,35.018,12.77,13.19,7.01,32.97,10.99,2453.61746845179,8250.8892502805
1AOJ_A_cx_hull_calpha,ASP-ASP-MET,23-22-20,2,3.779,6.171,5.126,9.665,12.77,20.17,14.42,47.36,15.79,2453.61746845179,8250.8892502805
1AOJ_A_cx_hull_calpha,ASP-VAL-ASP,23-24-22,2,3.756,6.328,3.779,6.472,12.77,13.19,20.17,46.13,15.38,2453.61746845179,8250.8892502805
1AOJ_A_cx_hull_calpha,ALA-LYS-LYS,3-1-6,0,6.906,16.039,9.143,2.189,11.74,17.65,7.95,37.34,12.45,2453.61746845179,8250.8892502805
1AOJ_A_cx_hull_calpha,ALA-LYS-LYS,3-4-6,2,3.796,6.235,9.143,9.094,11.74,16.25,7.95,35.94,11.98,2453.61746845179,8250.8892502805
1AOJ_A_cx_hull_calpha,ALA-LYS-LYS,3-4-1,2,3.796,10.418,6.906,6.09,11.74,16.25,17.65,45.64,15.21,2453.61746845179,8250.8892502805
1AOJ_A_cx_hull_calpha,TYR-LYS-LYS,2-1-0,3,3.759,3.781,6.644,5.919,11.25,17.65,19.33,48.23,16.08,2453.61746845179,8250.8892502805
1AOJ_A_cx_hull_calpha,TYR-LYS-LYS,2-4-1,0,6.83,10.418,3.759,4.705,11.25,16.25,17.65,45.15,15.05,2453.61746845179,8250.8892502805
1AOJ_A_cx_hull_calpha,TYR-ASP-LYS,2-22-0,0,11.952,18.227,6.644,16.083,11.25,20.17,19.33,50.75,16.92,2453.61746845179,8250.8892502805
1AOJ_A_cx_hull_calpha,TYR-LYS-ASP,2-4-22,0,6.83,5.713,11.952,11.317,11.25,16.25,20.17,47.67,15.89,2453.61746845179,8250.8892502805
1AOJ_A_cx_hull_calpha,LYS-TYR-ASP,21-7-8,2,4.23,3.734,4.558,7.397,14.92,7.02,3.73,25.67,8.56,2453.61746845179,8250.8892502805
1AOJ_A_cx_hull_calpha,LYS-ASP-MET,21-22-20,2,3.787,6.171,3.757,6.695,14.92,20.17,14.42,49.51,16.5,2453.61746845179,8250.8892502805
1AOJ_A_cx_hull_calpha,LYS-ASP-MET,21-8-20,0,4.558,4.236,3.757,7.441,14.92,3.73,14.42,33.07,11.02,2453.61746845179,8250.8892502805
1AOJ_A_cx_hull_calpha,LYS-ASP-LYS,21-22-6,2,3.787,5.807,5.279,9.768,14.92,20.17,7.95,43.04,14.35,2453.61746845179,8250.8892502805
1AOJ_A_cx_hull_calpha,LYS-TYR-LYS,21-7-6,2,4.23,3.755,5.279,7.875,14.92,7.02,7.95,29.89,9.96,2453.61746845179,8250.8892502805
